comm_id,comm_name,comm_age,sso,migration,exec_spsr,acct_geo,plat_tier,gold_tier,silv_tier,#_lang,#_features,enabled,case_count
a0C00000000DgKR,1,7.98,1,0,1,NA,1,0,0,6,6,1,147
a0C00000002oNxA,2,2.14,0,0,1,EMEA,1,0,0,1,0,1,208
a0C0000000242LU,3,3.45,0,0,1,NA,0,1,0,2,8,1,263
a0C00000000Dguo,4,7.92,1,0,1,NA,1,0,0,1,6,1,1133
a0C00000000ESr2,5,6.36,0,0,1,NA,1,0,0,2,2,1,311
a0C00000000Dfyz,6,8.01,1,0,1,NA,0,1,0,8,7,1,525
a0C00000001LOU2,7,4.24,1,0,1,EMEA,1,0,0,1,8,1,173
a0C00000003N7mV,8,1.12,0,1,1,NA,0,1,0,1,3,1,19
a0C00000002Vzza,9,2.86,0,0,1,APAC,1,0,0,1,0,1,186
a0C00000002mJh2,10,2.44,1,0,1,NA,0,1,0,1,3,1,77
a0C00000001OOGl,11,4.14,1,0,1,EMEA,1,0,0,1,10,1,146
a0C00000002mzrd,12,2.35,0,0,1,NA,1,0,0,1,9,1,180
a0C00000001C5zH,13,4.41,1,0,1,EMEA,1,0,0,1,7,1,326
a0C000000014Z8U,14,4.52,0,0,1,EMEA,0,1,0,3,5,1,282
a0C00000003Mt4v,15,1.36,1,0,1,NA,1,0,0,4,2,1,112
a0C00000002vlQH,16,1.82,0,0,1,APAC,1,0,0,1,11,1,19
a0C00000003NdRa,17,0.65,0,1,1,EMEA,0,1,0,1,4,1,6
a0C00000003NBnB,18,1.09,0,0,1,NA,1,0,0,1,0,1,18
a0C00000000Dg4n,19,8,0,0,1,NA,0,0,0,1,1,0,88
a0C00000002yW0Y,20,1.6,1,0,1,EMEA,0,1,0,1,2,0,33
a0C00000002yap1,21,1.59,0,0,1,EMEA,1,0,0,1,0,1,40
a0C00000000Dfyp,22,8.01,0,0,1,NA,0,1,0,1,4,1,449
a0C00000003NZhu,23,0.82,0,0,1,EMEA,1,0,0,1,0,1,15
a0C00000002yap6,24,1.59,0,0,1,EMEA,1,0,0,1,7,1,100
a0C00000002VYj5,25,2.87,0,0,1,NA,0,1,0,1,0,1,58
a0C00000000Tc50,26,5.55,0,0,1,NA,1,0,0,1,5,0,192
a0C00000000EDuD,27,6.65,0,0,1,NA,1,0,0,2,2,1,320
a0C00000000DfyG,28,8.01,0,0,1,NA,0,0,0,1,1,0,4
a0C00000000DfyG,29,8.01,0,0,1,NA,0,0,0,1,1,1,4
a0C00000002nsDg,30,2.23,1,0,1,APAC,1,0,0,1,6,1,48
a0C00000001w8a7,31,3.65,1,0,1,NA,0,1,0,1,4,1,194
a0C00000002q5Mk,32,1.97,0,0,1,NA,1,0,0,1,1,1,24
a0C00000003NWF6,33,0.92,0,0,1,NA,0,1,0,1,0,1,12
a0C00000000DffE,34,8.03,0,0,1,APAC,1,0,0,1,0,0,5
a0C00000002pnlO,35,2,0,0,1,NA,0,1,0,1,0,1,18
a0C00000000EDUz,36,6.67,0,0,1,NA,0,0,0,1,1,0,53
a0C00000002mxg7,37,2.36,1,0,1,NA,1,0,0,29,13,1,11
a0C00000000EGgf,38,6.56,0,0,1,NA,0,1,0,2,5,1,79
a0C00000000E4pr,39,6.94,0,0,1,NA,0,0,0,1,2,0,232
a0C00000000DgqN,40,7.93,1,0,1,NA,0,0,0,1,3,0,89
a0C00000000EDuI,41,6.65,0,0,1,NA,1,0,0,2,1,1,262
a0C00000002yGeT,42,1.61,0,0,1,APAC,1,0,0,1,4,1,10
a0C00000000Dfyq,43,8.01,0,0,1,NA,0,1,0,1,4,1,83
a0C00000000DgCS,44,8,0,0,1,NA,0,0,0,1,0,0,26
a0C00000002yW0T,45,1.6,0,0,1,EMEA,0,1,0,1,3,0,32
a0C00000002umNb,46,1.92,0,0,1,NA,0,1,0,1,0,1,21
a0C00000002v64K,47,1.9,0,0,1,NA,0,1,0,1,0,1,4
a0C00000000EAnu,48,6.74,0,0,1,NA,0,0,0,1,0,0,10
a0C00000000EVWo,49,6.34,0,0,1,NA,0,1,0,1,6,1,33
a0C00000000Dfyk,50,8.01,0,0,1,NA,0,0,0,1,1,0,1
a0C00000000DjJ6,51,7.65,0,0,1,NA,0,0,0,1,0,0,4
a0C000000023AUr,52,3.47,0,0,1,NA,0,1,0,1,3,1,58
a0C00000000GZeJ,53,5.68,1,0,1,NA,0,0,0,1,5,0,77
a0C00000000Eve0,54,6.19,0,0,1,NA,0,0,0,1,1,0,14
a0C00000000jO0d,55,4.9,1,0,1,EMEA,0,0,0,5,6,0,101
a0C00000002oMgz,56,2.15,0,0,1,NA,0,1,0,1,4,1,1
a0C00000003NVkp,57,0.95,0,1,1,NA,0,1,0,1,2,1,31
a0C00000000V0Nk,58,5.21,1,0,1,NA,1,0,0,2,6,0,35
a0C00000000V63M,59,5.18,0,0,1,EMEA,0,1,0,3,1,1,42
a0C00000000GG1z,60,5.79,0,0,1,NA,0,0,0,1,3,0,10
a0C00000000V3up,61,5.2,0,0,1,NA,0,0,0,1,5,0,178
a0C00000003Nfoh,62,0.57,1,1,1,NA,1,0,0,1,5,1,4
a0C00000003NgoI,63,0.53,0,0,1,EMEA,0,0,0,1,0,1,2
a0C00000003MuzU,64,1.34,0,0,1,EMEA,0,0,1,1,4,1,8
a0C00000002mxgC,65,2.36,1,0,1,NA,1,0,0,29,3,1,1
a0C00000003NVkk,66,0.95,0,0,1,NA,0,1,0,1,0,1,1
a0C00000000Dfyb,67,8.01,0,0,1,NA,0,0,0,1,1,0,0
a0C00000000i0bt,68,4.95,0,0,1,NA,1,0,0,1,3,1,0
a0C00000002oiep,69,2.1,0,0,1,NA,0,1,0,1,0,0,0
a0C00000002nCvP,70,2.32,0,0,1,NA,1,0,0,1,0,1,0
a0C61000003AEYf,71,0.1,0,0,1,EMEA,0,0,0,2,6,1,0
a0C00000000TYPO,72,5.56,1,0,1,EMEA,1,0,0,2,6,1,577
a0C00000000Djmc,73,7.58,0,0,1,NA,0,1,0,1,6,1,313
a0C000000025RD2,74,3.41,1,0,1,NA,0,1,0,1,5,0,53
a0C00000000EyM2,75,6.16,1,0,1,NA,1,0,0,1,4,1,260
a0C00000002TJS8,76,2.93,0,0,1,NA,1,0,0,1,0,1,378
a0C00000000UgRj,77,5.3,0,0,1,APAC,1,0,0,2,3,1,204
a0C00000000DhSH,78,7.87,0,0,1,NA,1,0,0,1,3,1,814
a0C00000002EHbK,79,3.19,0,0,1,NA,1,0,0,1,1,0,65
a0C00000002vycj,80,1.81,0,0,1,APAC,1,0,0,1,0,1,111
a0C00000000rxzj,81,4.75,0,0,1,APAC,1,0,0,2,10,1,287
a0C00000000DgKH,82,7.98,0,0,1,NA,1,0,0,2,4,1,707
a0C00000000DgGF,83,7.99,1,0,1,NA,1,0,0,2,1,1,384
a0C00000002oLO7,84,2.15,0,0,1,EMEA,0,1,0,1,3,1,60
a0C00000002eLcA,85,2.65,1,0,1,APAC,0,1,0,1,4,0,19
a0C00000002yMJM,86,1.61,0,0,1,EMEA,0,0,1,3,5,1,19
a0C00000002xPZC,87,1.68,1,0,1,NA,1,0,0,1,6,1,170
a0C00000002BMQM,88,3.26,1,0,1,EMEA,1,0,0,1,0,1,323
a0C00000000Dyce,89,7.12,0,0,1,NA,0,1,0,1,4,1,323
a0C000000012S45,90,4.58,1,0,1,EMEA,1,0,0,1,4,1,193
a0C00000000Dg6K,91,8,1,0,1,NA,1,0,0,1,4,1,407
a0C00000002fz9I,92,2.61,0,0,1,NA,0,1,0,1,4,1,94
a0C00000000Dhow,93,7.82,0,0,1,NA,0,1,0,1,3,1,400
a0C00000002oMjF,94,2.15,0,0,1,LATAM,0,1,0,1,0,1,20
a0C000000011A96,95,4.62,1,0,1,NA,0,1,0,1,7,1,159
a0C610000037XKl,96,0.22,0,0,1,NA,1,0,0,1,0,1,2
a0C00000001KT01,97,4.28,0,0,1,APAC,1,0,0,1,6,1,271
a0C00000003NCbk,98,1.07,0,0,1,EMEA,0,1,0,1,0,1,19
a0C00000001CBJp,99,4.41,1,0,1,NA,1,0,0,1,8,1,285
a0C00000000GGD0,100,5.79,1,0,1,EMEA,0,1,0,2,3,0,317
a0C00000001zcI1,101,3.56,1,0,1,APAC,1,0,0,1,11,1,322
a0C00000003NW6P,102,0.93,1,0,1,NA,1,0,0,1,6,1,26
a0C00000002FjRO,103,3.15,0,0,1,EMEA,1,0,0,1,5,1,105
a0C00000000E055,104,7.07,0,0,1,NA,1,0,0,2,2,1,236
a0C00000003NZjv,105,0.82,0,0,1,NA,1,0,0,1,0,1,26
a0C00000000Djmh,106,7.58,0,0,1,NA,0,1,0,2,6,1,36
a0C00000000U4Ri,107,5.42,0,0,1,NA,1,0,0,2,2,1,49
a0C00000001UwB4,108,4.07,1,0,1,NA,1,0,0,1,3,1,71
a0C00000000VFV8,109,5.13,0,0,1,NA,1,0,0,2,0,1,66
a0C00000000E4Is,110,6.96,0,0,1,NA,1,0,0,1,2,1,258
a0C00000002oLOH,111,2.15,0,0,1,EMEA,0,1,0,1,1,1,67
a0C00000002LeMm,112,3.01,1,0,1,EMEA,1,0,0,1,5,1,14
a0C00000000E7Tv,113,6.86,0,0,1,NA,1,0,0,2,2,1,315
a0C00000001cozc,114,3.95,0,0,1,APAC,1,0,0,1,6,1,81
a0C00000002oD7T,115,2.19,0,0,1,EMEA,0,1,0,1,6,1,30
a0C00000000Djmm,116,7.58,0,0,1,NA,0,1,0,1,6,1,57
a0C00000000Dg6F,117,8,1,0,1,NA,1,0,0,1,4,0,83
a0C00000002dwLe,118,2.67,1,0,1,EMEA,0,1,0,1,4,0,26
a0C00000002oNZW,119,2.14,0,0,1,EMEA,0,1,0,1,2,1,12
a0C00000000FuyW,120,5.9,0,0,1,APAC,1,0,0,2,4,0,29
a0C00000002h7xK,121,2.57,1,0,1,APAC,1,0,0,1,5,0,56
a0C00000002oMjA,122,2.15,1,0,1,LATAM,0,1,0,1,4,1,16
a0C00000002uVmn,123,1.94,1,0,1,EMEA,1,0,0,1,0,1,16
a0C00000000UcvJ,124,5.31,0,0,1,NA,1,0,0,1,0,1,48
a0C00000000FdlU,125,5.97,0,0,1,NA,0,1,0,1,3,0,83
a0C000000014Tja,126,4.52,1,0,1,NA,0,1,0,1,4,0,40
a0C610000037UtA,127,0.22,0,0,1,EMEA,0,1,0,1,0,1,5
a0C00000002dwLZ,128,2.67,1,0,1,EMEA,0,1,0,1,5,0,12
a0C00000003NW6Z,129,0.93,0,0,1,NA,1,0,0,1,6,1,11
a0C00000001vWU4,130,3.67,0,0,1,APAC,1,0,0,1,7,1,18
a0C6100000377cL,131,0.25,0,0,1,NA,0,1,0,1,0,1,3
a0C00000002dwLo,132,2.67,0,0,1,EMEA,0,1,0,1,0,0,13
a0C00000002eLcF,133,2.65,1,0,1,APAC,0,1,0,1,4,0,3
a0C00000000Eveo,134,6.19,0,0,1,NA,0,0,0,1,3,0,295
a0C00000001gUY5,135,3.85,1,0,1,NA,1,0,0,1,2,1,22
a0C00000000oy5l,136,4.85,0,0,1,NA,0,1,0,1,4,1,84
a0C00000000jO0T,137,4.9,0,0,1,APAC,1,0,0,1,4,0,16
a0C00000000DgGK,138,7.99,1,0,1,NA,1,0,0,2,1,0,0
a0C00000000FsRt,139,5.91,0,0,1,NA,0,1,0,1,2,0,0
a0C00000003NWu6,140,0.9,0,0,1,APAC,0,1,0,1,0,0,0
a0C61000002QSPB,141,0.27,0,0,1,EMEA,0,0,0,1,5,1,0
a0C6100000375IM,142,0.25,0,0,1,NA,0,0,0,1,0,0,0
a0C00000000wlku,143,4.62,1,0,1,EMEA,1,0,0,1,8,1,548
a0C00000002SnyX,144,2.94,1,0,1,NA,1,0,0,2,6,1,28
a0C00000002Snyh,145,2.94,1,0,1,NA,1,0,0,2,6,1,32
a0C00000001JAmb,146,4.31,0,0,1,EMEA,1,0,0,1,6,1,185
a0C00000000UAcX,147,5.39,1,0,1,EMEA,1,0,0,2,7,1,419
a0C00000002wcBb,148,1.74,1,0,1,NA,1,0,0,1,6,1,136
a0C00000001C5zM,149,4.41,0,0,1,EMEA,1,0,0,1,7,1,182
a0C00000002bSI2,150,2.73,0,0,1,EMEA,1,0,0,1,4,1,30
a0C00000003N1NY,151,1.25,0,0,1,EMEA,1,0,0,1,0,1,45
a0C00000003Mpro,152,1.42,0,0,1,APAC,0,0,1,1,0,1,37
a0C00000000GLVU,153,5.76,1,0,1,EMEA,0,1,0,1,5,1,240
a0C00000003NCCw,154,1.08,0,0,1,NA,0,1,0,1,0,1,2
a0C00000002Snyr,155,2.94,1,0,1,NA,1,0,0,2,6,1,16
a0C00000000V8hT,156,5.18,1,0,1,NA,1,0,0,11,8,1,384
a0C00000003NYHr,157,0.87,1,1,1,NA,1,0,0,1,5,1,73
a0C00000000WLI2,158,5.07,1,0,1,EMEA,1,0,0,1,7,1,282
a0C00000002bSHx,159,2.73,0,0,1,EMEA,1,0,0,1,4,1,41
a0C00000002MZIW,160,2.99,1,0,1,NA,1,0,0,1,6,1,196
a0C00000000FuGD,161,5.91,0,0,1,NA,0,0,0,2,2,0,146
a0C00000000GMT8,162,5.75,1,0,1,EMEA,0,1,0,2,3,1,379
a0C000000025DbR,163,3.42,1,0,1,EMEA,1,0,0,1,6,1,75
a0C00000002WtM8,164,2.84,1,0,1,EMEA,1,0,0,1,7,1,74
a0C00000003Nb1J,165,0.75,0,0,1,NA,0,1,0,1,0,1,60
a0C00000003NfoX,166,0.57,1,1,1,NA,1,0,0,12,9,1,25
a0C00000000WLHx,167,5.07,1,0,1,EMEA,1,0,0,2,7,1,136
a0C00000003NZlW,168,0.82,1,1,1,NA,1,0,0,2,9,1,37
a0C00000003Nn00,169,0.35,0,1,1,NA,1,0,0,1,0,1,2
a0C00000003NZo6,170,0.82,0,1,1,NA,1,0,0,1,7,1,52
a0C00000001DA20,171,4.37,0,0,1,EMEA,1,0,0,1,7,1,67
a0C00000002yUMq,172,1.61,0,0,1,EMEA,1,0,0,2,6,1,34
a0C00000001IuRi,173,4.32,0,0,1,EMEA,1,0,0,1,6,0,29
a0C00000000DgMw,174,7.98,0,0,1,NA,0,1,0,1,1,0,23
a0C00000003NCDB,175,1.08,1,1,1,NA,0,1,0,1,6,1,8
a0C00000002vyd3,176,1.81,1,0,1,NA,0,0,0,1,3,0,41
a0C00000000EWRZ,177,6.33,0,0,1,NA,0,0,0,1,4,0,101
a0C00000002y1LK,178,1.64,0,0,1,NA,1,0,0,1,0,1,5
a0C00000002MZIb,179,2.99,1,0,1,NA,1,0,0,1,6,1,13
a0C00000002Ecj2,180,3.18,1,0,1,EMEA,0,1,0,1,5,0,32
a0C00000001UwAu,181,4.07,1,0,1,NA,1,0,0,1,9,0,48
a0C00000002Snyw,182,2.94,1,0,1,NA,1,0,0,2,6,1,5
a0C00000000FuE7,183,5.91,0,0,1,NA,0,1,0,1,2,1,66
a0C00000003NjgB,184,0.44,1,0,1,NA,1,0,0,11,6,1,1
a0C00000000E4xi,185,6.94,0,0,1,NA,0,1,0,1,0,0,1
a0C00000002h2jL,186,2.58,1,0,1,EMEA,1,0,0,1,5,1,6
a0C00000000V8hO,187,5.18,1,0,1,NA,1,0,0,1,6,0,88
a0C00000000EFAt,188,6.61,0,0,1,NA,0,0,0,1,0,0,25
a0C00000000pAyf,189,4.84,0,0,1,NA,0,0,0,1,1,0,87
a0C000000023NOn,190,3.47,1,0,1,NA,1,0,0,1,3,0,14
a0C00000001JAmW,191,4.31,0,0,1,EMEA,1,0,0,1,6,0,49
a0C00000000VEZl,192,5.14,0,0,1,NA,0,0,0,1,2,0,10
a0C00000000hHXR,193,4.97,0,0,1,NA,0,0,0,1,1,0,14
a0C00000003N7bL,194,1.13,0,0,1,EMEA,1,0,0,1,6,1,8
a0C00000002Snyc,195,2.94,1,0,1,NA,1,0,0,2,6,1,1
a0C00000002MZIg,196,2.99,1,0,1,NA,1,0,0,2,6,1,3
a0C00000002Snz1,197,2.94,1,0,1,NA,1,0,0,1,6,1,1
a0C00000003NPNs,198,1,0,0,1,EMEA,1,0,0,1,0,1,4
a0C00000003NZoB,199,0.82,0,0,1,NA,1,0,0,1,0,1,1
a0C00000003NZlb,200,0.82,0,0,1,NA,1,0,0,1,0,1,1
a0C00000002wcBg,201,1.74,0,0,1,NA,1,0,0,1,0,1,7
a0C00000002Snym,202,2.94,1,0,1,NA,1,0,0,2,6,1,2
a0C00000000DgN1,203,7.98,0,0,1,NA,0,1,0,1,1,0,0
a0C00000003NnOz,204,0.33,0,0,1,NA,1,0,0,1,6,1,0
a0C00000003NiL3,205,0.48,0,0,1,NA,1,0,0,1,6,1,0
a0C00000002Snyn,206,2.94,1,0,1,NA,1,0,0,2,6,1,0
a0C00000003NbRZ,207,0.74,0,0,1,NA,1,0,0,1,0,1,0
a0C00000001x01U,208,3.63,1,0,1,NA,1,0,0,1,8,0,0
a0C00000001x01P,209,3.63,1,0,1,NA,1,0,0,1,8,0,0
a0C00000001x01K,210,3.63,1,0,1,NA,1,0,0,1,8,0,0
a0C00000001x01F,211,3.63,1,0,1,NA,1,0,0,1,8,0,0
a0C00000003NgFr,212,0.55,0,0,1,EMEA,1,0,0,1,8,1,0
a0C00000002fNMq,213,2.63,0,0,1,EMEA,1,0,0,1,0,0,0
a0C00000000UKTz,214,5.35,1,0,1,EMEA,1,0,0,1,8,1,397
a0C00000002fZC2,215,2.62,0,0,1,EMEA,1,0,0,1,0,1,91
a0C00000001vjfM,216,3.66,1,0,1,EMEA,1,0,0,1,5,1,323
a0C00000002e9es,217,2.66,1,0,1,NA,0,1,0,6,7,1,195
a0C00000002EOyD,218,3.18,0,0,1,EMEA,0,1,0,1,0,1,91
a0C000000013u4j,219,4.54,1,0,1,NA,1,0,0,1,5,1,859
a0C00000000E6U2,220,6.89,0,0,1,NA,1,0,0,9,5,1,856
a0C000000032rad,221,1.59,1,0,1,EMEA,1,0,0,1,3,1,60
a0C00000001eJpv,222,3.91,1,0,1,EMEA,1,0,0,1,8,0,129
a0C00000000EJg0,223,6.5,1,0,1,EMEA,1,0,0,1,8,1,590
a0C00000003NCGT,224,1.08,0,1,1,EMEA,1,0,0,2,4,1,10
a0C00000002oMiW,225,2.15,0,0,1,EMEA,0,1,0,1,7,1,56
a0C00000002WT67,226,2.85,0,0,1,EMEA,1,0,0,1,0,1,55
a0C000000029y7X,227,3.3,0,0,1,NA,1,0,0,1,5,1,233
a0C00000002Sny3,228,2.94,1,0,1,NA,1,0,0,2,6,1,44
a0C00000002HUMs,229,3.1,1,0,1,NA,1,0,0,1,3,1,61
a0C00000003NX0q,230,0.9,0,0,1,NA,0,1,0,1,0,1,98
a0C00000000DhCn,231,7.89,0,0,1,NA,0,1,0,1,3,0,323
a0C61000002R2ki,232,0.26,0,0,1,EMEA,1,0,0,1,0,1,2
a0C00000002GSWA,233,3.13,0,0,1,NA,0,1,0,1,1,1,122
a0C00000002fZBx,234,2.62,0,0,1,EMEA,1,0,0,1,4,1,71
a0C00000002AaeX,235,3.28,0,0,1,EMEA,1,0,0,1,0,0,58
a0C000000032raY,236,1.59,0,0,1,EMEA,1,0,0,1,0,1,10
a0C00000001Y6Tw,237,3.97,1,0,1,NA,1,0,0,1,9,1,112
a0C00000000E8Uc,238,6.82,0,0,1,NA,0,1,0,10,5,1,366
a0C00000002AaeN,239,3.28,0,0,1,NA,0,0,0,1,1,0,326
a0C00000002oMig,240,2.15,0,0,1,EMEA,0,1,0,1,3,1,5
a0C00000003NfYR,241,0.58,0,0,1,EMEA,0,1,0,1,0,1,9
a0C00000002SnyI,242,2.94,1,0,1,NA,1,0,0,2,6,1,1
a0C00000002eRrN,243,2.65,1,0,1,EMEA,0,1,0,1,12,1,119
a0C00000000EpUw,244,6.2,1,0,1,EMEA,0,1,0,4,5,1,315
a0C00000000r4ZZ,245,4.78,1,0,1,EMEA,1,0,0,1,8,1,82
a0C00000002cCim,246,2.71,0,0,1,EMEA,0,1,0,1,3,1,34
a0C00000002AaeS,247,3.28,0,0,1,NA,0,1,0,1,0,0,184
a0C00000002AaeS,248,3.28,0,0,1,NA,0,1,0,1,0,1,184
a0C00000003NZi4,249,0.82,0,0,1,EMEA,0,1,0,1,5,1,1
a0C00000003NfYM,250,0.58,0,0,1,EMEA,0,1,0,1,8,1,5
a0C00000001vcUA,251,3.66,1,0,1,EMEA,1,0,0,1,7,1,31
a0C00000002dwMK,252,2.67,0,0,1,NA,0,1,0,1,4,1,79
a0C00000000UC65,253,5.39,0,0,1,EMEA,1,0,0,1,8,1,135
a0C00000000EEHz,254,6.64,0,0,1,NA,0,1,0,2,0,0,95
a0C00000000DoAN,255,7.22,0,0,1,NA,0,1,0,2,2,0,137
a0C00000000EhL0,256,6.24,0,0,1,NA,0,1,0,2,3,0,92
a0C00000000DgPg,257,7.98,1,0,1,NA,0,1,0,1,1,0,26
a0C00000000DgPW,258,7.98,1,0,1,NA,0,1,0,1,1,0,6
a0C00000001JRqu,259,4.3,0,0,1,NA,1,0,0,1,1,1,43
a0C00000002L3c8,260,3.02,0,0,1,EMEA,1,0,0,1,5,1,18
a0C00000000UKU4,261,5.35,1,0,1,EMEA,1,0,0,2,7,1,79
a0C00000002I0KE,262,3.09,0,0,1,EMEA,0,1,0,1,2,1,8
a0C00000000UdDw,263,5.31,0,0,1,NA,0,1,0,2,2,0,83
a0C00000000F4cp,264,6.12,1,0,1,NA,1,0,0,1,3,0,6
a0C00000000DgDv,265,8,1,0,1,NA,1,0,0,1,1,0,7
a0C00000001VVwX,266,4.05,1,0,1,NA,1,0,0,1,9,0,17
a0C00000000DgDz,267,8,1,0,1,NA,1,0,0,1,1,0,1
a0C00000000Tvnq,268,5.46,0,0,1,NA,0,0,0,1,0,0,23
a0C00000000DgE0,269,8,1,0,1,NA,1,0,0,1,1,0,2
a0C00000000Dfep,270,8.03,0,0,1,NA,0,1,0,1,0,0,4
a0C00000003Njzb,271,0.43,0,0,1,EMEA,0,1,0,1,0,1,1
a0C00000000DgDu,272,8,1,0,1,NA,1,0,0,1,1,0,1
a0C00000000tUR5,273,4.71,0,0,1,NA,0,0,0,2,2,0,18
a0C00000003Nnd7,274,0.32,0,0,1,EMEA,0,1,0,3,3,1,1
a0C00000002SnyS,275,2.94,1,0,1,NA,1,0,0,2,6,1,1
a0C610000037q5n,276,0.21,0,0,1,EMEA,0,1,0,1,2,1,1
a0C00000000DgNa,277,7.98,0,0,1,NA,0,1,0,5,2,0,0
a0C00000000DgE1,278,8,1,0,1,NA,1,0,0,1,1,0,0
a0C610000038Msj,279,0.17,0,1,1,NA,1,0,0,1,7,1,0
a0C00000003NmCH,280,0.37,0,0,1,NA,0,1,0,1,0,0,0
a0C610000038MrA,281,0.17,0,1,1,NA,1,0,0,1,6,1,0
a0C00000003Nnmw,282,0.32,0,0,1,NA,1,0,0,1,6,1,0
a0C00000003Nlva,283,0.38,0,0,1,EMEA,1,0,0,1,0,1,0
a0C610000038PzU,284,0.16,0,1,1,EMEA,1,0,0,1,6,1,0
a0C00000002hBrQ,285,2.56,0,0,1,EMEA,0,1,0,1,5,1,53
a0C00000000DgPb,286,7.98,1,0,1,EMEA,0,1,0,11,7,1,955
a0C00000003Mxbv,287,1.32,0,0,1,APAC,0,1,0,1,3,1,30
a0C00000001tgXl,288,3.72,1,0,1,NA,0,1,0,1,7,1,440
a0C00000000Dg3k,289,8,0,0,1,APAC,0,1,0,1,1,1,170
a0C00000002nstv,290,2.23,0,0,1,NA,0,1,0,1,0,1,5
a0C00000003NlFC,291,0.39,0,1,1,EMEA,1,0,0,1,4,1,18
a0C00000002wcCr,292,1.74,0,0,1,NA,0,1,0,1,0,1,22
a0C00000003MvI9,293,1.33,0,0,1,EMEA,1,0,0,1,0,1,13
a0C00000003NEWB,294,1.07,1,0,1,NA,1,0,0,1,3,1,15
a0C00000003NfIT,295,0.58,0,1,1,EMEA,0,1,0,1,1,1,20
a0C00000002p7Eh,296,2.06,0,0,1,NA,1,0,0,1,7,1,104
a0C00000003NGYs,297,1.05,0,0,1,NA,0,1,0,1,0,1,2
a0C00000001M9Vp,298,4.22,0,0,1,NA,1,0,0,1,5,1,14
a0C000000026KC0,299,3.39,0,0,1,NA,1,0,0,1,5,1,54
a0C00000003N3KY,300,1.19,0,1,1,APAC,0,1,0,1,2,1,19
a0C00000001LloT,301,4.23,0,0,1,NA,1,0,0,1,4,1,22
a0C00000000DgNV,302,7.98,1,0,1,NA,0,1,0,1,1,0,109
a0C00000003Mxbq,303,1.32,0,0,1,APAC,0,1,0,1,0,1,3
a0C00000000Dh8M,304,7.9,1,0,1,NA,0,0,0,1,1,0,132
a0C00000000DgDL,305,8,1,0,1,NA,0,1,0,3,3,1,175
a0C00000001tgXq,306,3.72,1,0,1,NA,0,1,0,1,7,1,30
a0C00000003Neuz,307,0.59,0,0,1,APAC,0,1,0,1,0,1,4
a0C00000002vfu0,308,1.84,0,0,1,NA,1,0,0,1,4,1,12
a0C00000002hN2P,309,2.54,0,0,1,EMEA,0,1,0,11,1,1,20
a0C00000000Dn9v,310,7.29,1,0,1,NA,0,1,0,1,1,0,25
a0C00000001Cyxw,311,4.38,0,0,1,NA,1,0,0,1,4,1,11
a0C00000002wWih,312,1.75,0,0,1,NA,0,1,0,1,0,1,41
a0C00000000E8p5,313,6.81,1,0,1,NA,0,1,0,1,1,0,34
a0C00000002yMIi,314,1.61,0,0,1,NA,1,0,0,1,4,1,17
a0C00000000E5PK,315,6.92,1,0,1,NA,0,1,0,1,1,0,15
a0C00000000DkuZ,316,7.45,1,0,1,NA,0,1,0,1,1,0,26
a0C00000002wVS7,317,1.75,0,0,1,NA,1,0,0,1,4,1,13
a0C00000000E8wn,318,6.81,1,0,1,NA,0,1,0,1,1,0,18
a0C00000001zcGL,319,3.56,0,0,1,NA,1,0,0,1,5,1,18
a0C00000002hAEU,320,2.57,0,0,1,NA,1,0,0,1,5,0,24
a0C000000027mMA,321,3.35,1,0,1,NA,1,0,0,1,8,1,47
a0C00000000Dfek,322,8.03,1,0,1,EMEA,0,1,0,11,2,1,34
a0C000000022Eom,323,3.5,0,0,1,NA,1,0,0,1,5,1,42
a0C00000002pQQn,324,2.04,0,0,1,NA,1,0,0,1,4,0,11
a0C00000000E0s2,325,7.05,1,0,1,NA,0,1,0,2,1,0,11
a0C00000000q8Lb,326,4.81,1,0,1,NA,0,0,0,1,5,0,36
a0C00000003N46a,327,1.18,0,0,1,NA,0,1,0,1,0,1,20
a0C00000001Bbov,328,4.42,0,0,1,NA,1,0,0,1,4,1,10
a0C00000001B3a1,329,4.44,0,0,1,NA,1,0,0,1,4,0,4
a0C00000001Cyy6,330,4.38,0,0,1,NA,1,0,0,1,4,1,9
a0C00000002o4TI,331,2.21,0,0,1,NA,0,1,0,1,0,1,10
a0C00000002oAyv,332,2.19,0,0,1,NA,0,1,0,1,0,1,4
a0C00000002pMNn,333,2.04,0,0,1,NA,1,0,0,1,4,1,5
a0C00000003Mbnc,334,1.46,0,0,1,NA,1,0,0,2,4,1,8
a0C000000033KUu,335,1.53,1,0,1,NA,1,0,0,1,7,1,25
a0C00000003N3R9,336,1.19,0,0,1,NA,1,0,0,2,4,1,22
a0C00000003N4Cj,337,1.17,1,1,1,APAC,0,0,1,1,3,1,5
a0C00000003NYU4,338,0.86,0,0,1,NA,1,0,0,1,4,1,12
a0C00000003N4Hb,339,1.16,0,0,1,NA,0,1,0,1,0,1,10
a0C00000003N0kx,340,1.25,0,0,1,NA,1,0,0,2,4,1,6
a0C00000003Myel,341,1.29,0,0,1,NA,1,0,0,2,4,1,7
a0C00000003MzmO,342,1.26,0,0,1,NA,1,0,0,2,4,1,6
a0C00000003Mt2m,343,1.36,0,0,1,APAC,0,1,0,1,3,1,5
a0C00000003MzmT,344,1.26,0,0,1,NA,1,0,0,2,4,1,9
a0C00000003MqwM,345,1.38,0,0,1,NA,0,1,0,1,0,1,2
a0C00000003Mpno,346,1.42,0,0,1,NA,0,1,0,1,1,1,3
a0C00000003NfM6,347,0.58,0,0,1,NA,0,1,0,1,0,1,3
a0C610000037apt,348,0.21,0,1,1,NA,0,0,0,1,5,1,1
a0C00000003NnZ1,349,0.32,0,0,1,EMEA,0,1,0,1,0,0,1
a0C00000000DhCo,350,7.89,1,0,1,NA,0,1,0,1,1,0,0
a0C00000003Noa0,351,0.29,0,0,1,NA,0,1,0,1,0,1,0
a0C00000002vVyW,352,1.85,0,0,1,NA,0,1,0,1,0,1,0
a0C00000003NnTK,353,0.33,0,0,1,NA,1,0,0,1,5,1,0
a0C00000003Neuu,354,0.59,0,0,1,APAC,0,0,0,1,0,1,0
a0C61000003Amiw,355,0.09,0,0,1,APAC,0,0,0,1,4,1,0
a0C00000002Tkma,356,2.92,0,0,1,EMEA,1,0,0,1,8,1,149
a0C00000003NZii,357,0.82,1,1,1,EMEA,0,1,0,1,5,1,16
a0C00000001Nvvz,358,4.16,0,0,1,NA,1,0,0,1,7,1,570
a0C00000000GJP9,359,5.77,0,0,1,NA,1,0,0,1,3,1,27
a0C00000001Pdom,360,4.1,0,0,1,NA,1,0,0,1,5,1,124
a0C00000002EADM,361,3.19,1,0,1,EMEA,0,1,0,2,6,1,419
a0C00000001VVwN,362,4.05,0,0,1,NA,1,0,0,1,6,1,125
a0C00000002e9eG,363,2.66,0,0,1,NA,1,0,0,1,0,0,38
a0C00000002BLsx,364,3.26,1,0,1,NA,1,0,0,1,10,0,154
a0C00000002Fqh3,365,3.14,1,0,1,EMEA,0,1,0,1,3,1,141
a0C0000000128eR,366,4.59,0,0,1,NA,1,0,0,1,4,1,192
a0C00000001xFzT,367,3.62,1,0,1,NA,1,0,0,1,7,1,65
a0C00000001OI95,368,4.15,1,0,1,LATAM,0,1,0,1,5,0,105
a0C00000002JdV8,369,3.05,0,0,1,NA,1,0,0,1,2,1,99
a0C0000000128eS,370,4.59,0,0,1,NA,1,0,0,1,4,1,166
a0C00000002FGgg,371,3.16,0,0,1,NA,0,1,0,1,1,1,46
a0C00000000GJOf,372,5.77,0,0,1,NA,1,0,0,1,4,1,226
a0C00000002AS3u,373,3.28,0,0,1,NA,1,0,0,1,5,1,82
a0C00000000GJPJ,374,5.77,0,0,1,NA,1,0,0,1,3,1,41
a0C00000001VVwD,375,4.05,0,0,1,NA,1,0,0,1,7,1,153
a0C000000019f7k,376,4.49,0,0,1,NA,1,0,0,1,4,1,12
a0C00000003NZjR,377,0.82,0,1,1,APAC,0,1,0,1,4,1,10
a0C00000001VVwI,378,4.05,0,0,1,NA,1,0,0,1,7,1,120
a0C00000002VK40,379,2.88,0,0,1,NA,0,1,0,1,1,1,14
a0C00000002xpoH,380,1.65,1,1,1,NA,1,0,0,1,7,1,74
a0C00000000GJPK,381,5.77,0,0,1,NA,1,0,0,1,3,1,148
a0C00000000GJOu,382,5.77,0,0,1,NA,1,0,0,1,3,1,135
a0C00000002hkBf,383,2.49,0,0,1,NA,1,0,0,1,4,1,28
a0C00000000GJP4,384,5.77,0,0,1,NA,1,0,0,1,3,1,74
a0C00000002AS3z,385,3.28,0,0,1,NA,1,0,0,1,5,0,62
a0C00000001vdTO,386,3.66,1,0,1,LATAM,0,1,0,1,6,0,2
a0C00000002mHZp,387,2.44,0,0,1,NA,0,1,0,1,0,1,2
a0C00000002Uo3A,388,2.89,0,0,1,NA,1,0,0,1,4,1,6
a0C00000000GJOk,389,5.77,0,0,1,NA,1,0,0,1,4,1,205
a0C00000001Ppvo,390,4.1,0,0,1,NA,1,0,0,1,5,1,19
a0C00000001fzTR,391,3.87,0,0,1,NA,1,0,0,1,5,1,19
a0C00000000uhF7,392,4.68,0,0,1,NA,1,0,0,1,3,1,31
a0C00000002JdRS,393,3.05,0,0,1,NA,1,0,0,1,4,0,40
a0C00000000DmFs,394,7.41,0,0,1,NA,0,0,0,1,2,0,80
a0C00000001VVw8,395,4.05,0,0,1,NA,1,0,0,1,7,1,89
a0C00000001Ppvy,396,4.1,0,0,1,NA,1,0,0,1,5,1,135
a0C00000002JdRI,397,3.05,0,0,1,NA,1,0,0,1,4,1,9
a0C00000001lS00,398,3.83,0,0,1,NA,1,0,0,1,7,1,85
a0C00000000GHqE,399,5.78,0,0,1,NA,1,0,0,1,4,0,58
a0C00000000GJOz,400,5.77,0,0,1,NA,1,0,0,1,3,1,31
a0C00000002Uo3K,401,2.89,0,0,1,NA,1,0,0,1,4,1,25
a0C00000001ySNi,402,3.59,0,0,1,NA,1,0,0,1,5,1,71
a0C00000002mVEi,403,2.41,0,0,1,NA,0,1,0,1,0,1,16
a0C00000001Ppvt,404,4.1,0,0,1,NA,1,0,0,1,5,1,103
a0C00000002eRoV,405,2.65,0,0,1,NA,1,0,0,1,5,1,40
a0C00000000GJPA,406,5.77,0,0,1,NA,1,0,0,1,3,0,44
a0C0000000128eM,407,4.59,0,0,1,NA,1,0,0,1,4,0,4
a0C00000000GJPF,408,5.77,0,0,1,NA,1,0,0,1,3,0,38
a0C00000000GJPB,409,5.77,0,0,1,NA,1,0,0,1,3,0,30
a0C00000000GJOp,410,5.77,0,0,1,NA,1,0,0,1,3,0,9
a0C00000001fzTW,411,3.87,0,0,1,NA,1,0,0,1,5,1,12
a0C00000002HTSm,412,3.1,0,0,1,NA,1,0,0,1,4,1,31
a0C00000002hkBp,413,2.49,0,0,1,NA,1,0,0,1,5,1,4
a0C000000014slH,414,4.51,0,0,1,NA,1,0,0,1,4,0,7
a0C00000000GJPE,415,5.77,0,0,1,NA,1,0,0,1,3,1,11
a0C00000000GJOg,416,5.77,0,0,1,NA,1,0,0,1,3,0,11
a0C00000000uhFH,417,4.68,0,0,1,NA,1,0,0,1,3,0,14
a0C00000000uhF2,418,4.68,0,0,1,NA,1,0,0,1,3,0,11
a0C00000000wBmQ,419,4.64,1,0,1,NA,0,0,0,1,3,0,55
a0C00000001p5iO,420,3.73,0,0,1,NA,1,0,0,1,5,1,65
a0C00000001Ppvj,421,4.1,0,0,1,NA,1,0,0,1,4,0,10
a0C00000000Dmna,422,7.34,1,0,1,EMEA,0,1,0,10,2,0,2
a0C00000002JdRN,423,3.05,0,0,1,NA,1,0,0,1,4,1,7
a0C00000003NiKo,424,0.48,0,0,1,NA,1,0,0,1,4,1,6
a0C00000002mkH4,425,2.38,0,0,1,NA,0,1,0,1,0,1,1
a0C00000003N7kP,426,1.12,0,0,1,NA,0,0,1,1,0,0,0
a0C00000002w7OV,427,1.79,1,0,1,EMEA,0,1,0,1,10,1,162
a0C00000000DfzE,428,8.01,1,0,1,EMEA,1,0,0,9,3,0,532
a0C00000000Evyu,429,6.19,0,0,1,NA,1,0,0,8,1,1,977
a0C00000000G7j9,430,5.83,1,0,1,NA,0,1,0,2,7,1,206
a0C00000002aCFv,431,2.76,0,0,1,EMEA,1,0,0,1,0,0,271
a0C00000002vnvd,432,1.82,0,0,1,NA,0,1,0,1,0,1,149
a0C00000000uhEx,433,4.68,0,0,1,NA,1,0,0,1,3,1,18
a0C00000000G98V,434,5.83,0,0,1,NA,0,1,0,2,5,1,69
a0C0000000234Gn,435,3.47,1,0,1,EMEA,0,1,0,1,9,1,62
a0C00000002oEnV,436,2.18,0,0,1,EMEA,0,1,0,1,0,1,40
a0C610000037w8c,437,0.2,0,0,1,EMEA,0,1,0,1,0,1,2
a0C00000002vH3G,438,1.88,1,0,1,EMEA,0,1,0,1,0,1,136
a0C00000003NfgF,439,0.57,0,0,1,EMEA,0,1,0,1,0,1,24
a0C00000002MZ9J,440,2.99,0,0,1,EMEA,0,1,0,1,2,1,150
a0C00000000GJPi,441,5.77,0,0,1,NA,1,0,0,1,3,0,26
a0C00000002nOhw,442,2.3,0,0,1,EMEA,1,0,0,1,0,1,114
a0C00000001CBKK,443,4.41,1,0,1,EMEA,0,1,0,1,5,1,299
a0C00000002oMgp,444,2.15,1,0,1,NA,1,0,0,1,3,1,60
a0C00000000GJPn,445,5.77,0,0,1,NA,1,0,0,1,3,1,66
a0C00000002hld1,446,2.48,1,0,1,NA,0,1,0,1,3,1,114
a0C00000002uVqB,447,1.94,0,0,1,NA,1,0,0,1,3,1,48
a0C00000002mLXF,448,2.43,0,0,1,EMEA,0,1,0,1,0,1,104
a0C00000000tpVr,449,4.7,0,0,1,NA,1,0,0,1,3,0,21
a0C00000003MxaJ,450,1.32,0,0,1,NA,0,1,0,1,0,1,27
a0C00000000Dg8V,451,8,0,0,1,NA,0,0,0,7,0,0,15
a0C00000001VVwS,452,4.05,0,0,1,NA,1,0,0,1,7,1,133
a0C00000000DkHz,453,7.51,0,0,1,NA,0,0,0,1,2,0,128
a0C00000003NZjg,454,0.82,0,0,1,EMEA,0,1,0,1,6,1,8
a0C00000002qBxg,455,1.96,0,0,1,NA,1,0,0,1,0,1,23
a0C00000001p5iY,456,3.73,0,0,1,NA,1,0,0,1,5,1,53
a0C00000000GHq9,457,5.78,0,0,1,NA,1,0,0,2,3,0,70
a0C00000002ycyJ,458,1.59,1,0,1,EMEA,0,0,1,1,8,1,8
a0C00000000GJPs,459,5.77,0,0,1,NA,1,0,0,1,3,1,25
a0C0000000234Gs,460,3.47,1,0,1,EMEA,0,1,0,1,9,1,25
a0C0000000128eg,461,4.59,0,0,1,NA,1,0,0,1,4,1,215
a0C00000000EWRU,462,6.33,0,0,1,NA,1,0,0,5,1,0,338
a0C00000001p5id,463,3.73,0,0,1,NA,1,0,0,1,6,1,118
a0C00000002xZQ4,464,1.67,0,0,1,NA,0,1,0,1,3,1,94
a0C00000000Djuq,465,7.56,1,0,1,NA,0,1,0,1,2,0,31
a0C00000002uyCy,466,1.92,1,0,1,EMEA,0,1,0,1,5,1,11
a0C00000000DhHs,467,7.88,0,0,1,NA,0,1,0,1,1,0,54
a0C00000000tpVm,468,4.7,0,0,1,NA,1,0,0,1,3,1,35
a0C0000000128el,469,4.59,0,0,1,NA,1,0,0,5,4,1,133
a0C0000000128ev,470,4.59,0,0,1,NA,1,0,0,1,4,1,32
a0C00000000GJPO,471,5.77,0,0,1,NA,1,0,0,1,3,0,18
a0C00000000GJPd,472,5.77,0,0,1,NA,1,0,0,1,3,0,100
a0C00000000GJPY,473,5.77,0,0,1,NA,1,0,0,1,3,0,38
a0C00000000Eohh,474,6.21,0,0,1,NA,0,0,0,2,2,0,7
a0C00000003NaBf,475,0.8,0,0,1,NA,0,1,0,1,0,1,13
a0C00000002vwUO,476,1.81,1,0,1,EMEA,0,0,1,4,2,1,16
a0C00000000Doal,477,7.21,1,0,1,NA,0,1,0,1,1,0,3
a0C00000000UAcr,478,5.39,0,0,1,NA,0,0,0,1,4,0,91
a0C610000037CT6,479,0.25,0,0,1,APAC,0,1,0,1,0,0,1
a0C0000000128eb,480,4.59,0,0,1,NA,1,0,0,1,4,0,21
a0C0000000128eq,481,4.59,0,0,1,NA,1,0,0,1,4,1,70
a0C00000000EOYR,482,6.42,1,0,1,NA,0,0,0,1,3,0,4
a0C000000012SdH,483,4.58,0,0,1,NA,1,0,0,1,4,0,6
a0C00000002yb2u,484,1.59,0,0,1,NA,0,1,0,1,6,1,13
a0C00000003NgMc,485,0.55,1,0,1,EMEA,0,1,0,1,5,1,4
a0C0000000331ku,486,1.57,0,0,1,EMEA,0,0,1,1,6,1,5
a0C00000003McOX,487,1.46,0,0,1,NA,0,1,0,1,6,1,1
a0C00000002hldB,488,2.48,0,0,1,NA,0,1,0,1,0,1,3
a0C610000038WHe,489,0.15,1,0,1,EMEA,0,1,0,1,7,1,1
a0C610000038DtO,490,0.19,0,0,1,NA,0,1,0,1,0,1,2
a0C00000003Nlnx,491,0.39,0,0,1,NA,0,1,0,1,0,1,1
a0C610000037MvF,492,0.23,0,1,1,EMEA,1,0,0,1,0,1,2
a0C610000038ZA6,493,0.14,0,0,1,NA,1,0,0,1,8,1,0
a0C610000037MrZ,494,0.23,0,0,1,EMEA,1,0,0,1,5,1,0
a0C00000003NjrW,495,0.44,0,0,1,NA,0,0,0,1,0,0,0
a0C610000037swL,496,0.2,0,0,1,NA,0,1,0,1,7,1,0
a0C61000002Q1CA,497,0.27,0,0,1,NA,0,0,0,1,0,0,0
a0C00000002v2N0,498,1.9,0,0,1,EMEA,0,1,0,1,3,1,38
a0C00000000EAyB,499,6.73,0,0,1,EMEA,0,1,0,2,4,1,255
a0C00000000DgCw,500,8,0,0,1,NA,0,1,0,4,5,1,352
a0C00000001nkgv,501,3.76,1,0,1,EMEA,0,1,0,2,5,1,281
a0C000000028dtk,502,3.33,1,0,1,NA,0,1,0,4,7,1,236
a0C00000000Dfxh,503,8.01,0,0,1,NA,1,0,0,1,3,1,1003
a0C00000003N3RJ,504,1.19,0,0,1,EMEA,0,1,0,4,6,1,46
a0C00000003MZiC,505,1.46,1,0,1,EMEA,0,1,0,1,3,1,9
a0C0000000271Pv,506,3.37,1,0,1,NA,0,1,0,1,8,1,92
a0C00000000VB9d,507,5.15,1,0,1,EMEA,0,1,0,1,7,1,490
a0C00000002e9e6,508,2.66,0,0,1,EMEA,0,1,0,1,9,1,125
a0C00000003NWvI,509,0.9,0,0,1,EMEA,0,1,0,1,3,1,5
a0C00000003NoS2,510,0.29,0,0,1,EMEA,0,1,0,1,0,1,9
a0C000000033Rm1,511,1.52,1,0,1,EMEA,1,0,0,2,4,1,69
a0C00000002DJV1,512,3.21,0,0,1,EMEA,0,1,0,1,7,1,50
a0C00000003N9fS,513,1.11,0,0,1,EMEA,0,1,0,1,2,1,25
a0C000000025KAL,514,3.42,0,0,1,APAC,1,0,0,4,8,1,206
a0C00000000GQGJ,515,5.73,1,0,1,EMEA,1,0,0,2,5,1,125
a0C000000025ZwY,516,3.41,1,0,1,APAC,1,0,0,1,6,1,140
a0C00000001zygh,517,3.55,0,0,1,EMEA,0,1,0,1,7,1,171
a0C00000002oAyg,518,2.19,1,0,1,EMEA,0,1,0,2,3,1,40
a0C00000003MvI4,519,1.33,0,0,1,APAC,1,0,0,1,0,1,39
a0C00000002doew,520,2.67,0,0,1,EMEA,0,1,0,1,0,1,108
a0C00000000hHXq,521,4.97,0,0,1,EMEA,0,1,0,1,5,1,296
a0C00000002nsEA,522,2.23,0,0,1,EMEA,0,1,0,1,0,1,168
a0C00000001NQbF,523,4.18,0,0,1,EMEA,0,1,0,1,5,1,113
a0C00000000EUT7,524,6.35,1,0,1,EMEA,1,0,0,2,4,1,242
a0C00000002Wlls,525,2.84,1,0,1,APAC,0,1,0,1,3,1,32
a0C00000003MxaO,526,1.32,0,0,1,EMEA,0,1,0,1,5,1,38
a0C00000002Ykvj,527,2.79,0,0,1,EMEA,0,1,0,1,0,1,116
a0C00000003NaaE,528,0.78,0,0,1,APAC,0,1,0,1,0,1,10
a0C00000002mAhE,529,2.45,1,0,1,EMEA,0,1,0,2,1,1,60
a0C00000002p7Bs,530,2.06,1,0,1,EMEA,1,0,0,1,3,1,59
a0C00000000EJnU,531,6.5,1,0,1,NA,0,1,0,1,3,1,28
a0C00000003Nnuo,532,0.31,0,1,1,EMEA,0,1,0,1,2,1,3
a0C00000002y1cF,533,1.64,1,0,1,EMEA,1,0,0,2,2,1,50
a0C000000025fUS,534,3.41,0,0,1,EMEA,0,1,0,1,6,1,65
a0C00000003N9fN,535,1.11,0,0,1,EMEA,0,1,0,1,0,1,44
a0C00000003N3RO,536,1.19,1,0,1,APAC,1,0,0,1,7,1,81
a0C00000003MBvp,537,1.48,0,0,1,EMEA,0,0,1,1,4,1,28
a0C00000002EtCY,538,3.17,1,0,1,EMEA,0,1,0,2,11,1,55
a0C00000002xoab,539,1.65,1,0,1,EMEA,0,0,1,1,6,1,53
a0C00000002v0JX,540,1.91,1,0,1,EMEA,1,0,0,1,8,1,33
a0C00000002EtCt,541,3.17,0,0,1,EMEA,0,1,0,1,11,1,26
a0C00000002EtCt,542,3.17,0,0,1,EMEA,0,1,0,1,11,1,26
a0C00000002EtCT,543,3.17,1,0,1,EMEA,0,1,0,2,12,1,26
a0C00000002EtCT,544,3.17,1,0,1,EMEA,0,1,0,2,12,1,26
a0C000000024nKD,545,3.43,1,0,1,APAC,1,0,0,1,4,1,92
a0C00000002d5hF,546,2.69,1,0,1,EMEA,0,1,0,1,4,1,58
a0C00000000EDc3,547,6.66,1,0,1,NA,0,1,0,1,3,0,56
a0C00000003MvHz,548,1.33,0,0,1,APAC,1,0,0,2,5,1,24
a0C00000000EWjx,549,6.33,1,0,1,NA,0,1,0,1,3,0,7
a0C610000037lzP,550,0.21,0,0,1,EMEA,1,0,0,1,7,1,4
a0C00000002EtCd,551,3.17,0,0,1,EMEA,0,1,0,1,11,1,1
a0C00000003N1cE,552,1.23,0,0,1,EMEA,0,1,0,1,0,1,42
a0C00000002v2N5,553,1.9,0,0,1,EMEA,0,1,0,1,1,1,19
a0C00000003Nfoc,554,0.57,0,0,1,EMEA,0,1,0,1,3,1,1
a0C00000002EtCx,555,3.17,0,0,1,EMEA,0,1,0,1,11,1,9
a0C00000002y1dD,556,1.64,1,0,1,EMEA,1,0,0,2,2,1,13
a0C00000003NatY,557,0.76,0,0,1,APAC,1,0,0,1,0,1,1
a0C00000003NcEl,558,0.71,0,0,1,APAC,0,1,0,1,0,1,1
a0C00000003N3RE,559,1.19,0,0,1,EMEA,0,1,0,4,0,1,3
a0C00000003NjjZ,560,0.44,0,0,1,APAC,0,1,0,1,0,1,3
a0C610000037sHh,561,0.21,0,0,1,APAC,1,0,0,1,6,1,1
a0C00000003NoKC,562,0.3,0,0,1,NA,0,0,0,1,0,0,0
a0C00000003Nhdc,563,0.5,0,0,1,EMEA,0,1,0,1,9,0,0
a0C00000003NgbD,564,0.54,0,0,1,APAC,1,0,0,1,0,0,0
a0C00000003NeRn,565,0.62,0,0,1,APAC,1,0,0,1,0,0,0
a0C00000003N7wn,566,1.11,0,0,1,EMEA,0,0,1,1,0,0,0
a0C00000003NedX,567,0.61,0,0,1,EMEA,0,1,0,1,7,1,0
a0C00000003Nnfr,568,0.32,0,0,1,EMEA,1,0,0,1,4,1,0
a0C00000002mYFd,569,2.4,1,0,1,EMEA,0,1,0,3,9,1,100
a0C00000000VFUK,570,5.13,0,0,1,NA,1,0,0,1,5,1,215
a0C00000002RlS4,571,2.96,1,0,1,APAC,1,0,0,1,5,1,64
a0C00000003Mr3k,572,1.38,1,0,0,NA,0,1,0,1,6,1,76
a0C00000002Ixwc,573,3.07,0,0,1,APAC,0,1,0,1,0,0,410
a0C00000002Ixwc,574,3.07,0,0,1,APAC,0,1,0,1,0,0,410
a0C00000002yW20,575,1.6,1,0,0,EMEA,1,0,0,1,9,1,65
a0C00000000Ex5L,576,6.18,1,0,1,NA,0,1,0,1,2,1,118
a0C00000003MBtN,577,1.48,0,0,0,EMEA,0,1,0,1,0,1,40
a0C00000000Djlt,578,7.58,1,0,1,NA,1,0,0,1,1,1,126
a0C00000002TtpK,579,2.91,1,0,1,APAC,0,1,0,1,2,1,119
a0C00000002WT5X,580,2.85,0,0,1,EMEA,0,1,0,1,0,1,22
a0C00000002uu5v,581,1.92,0,0,1,APAC,0,1,0,1,0,1,65
a0C00000003NWtD,582,0.9,0,0,0,APAC,0,1,0,1,0,1,19
a0C00000002mYFi,583,2.4,1,0,1,APAC,1,0,0,1,2,1,131
a0C00000000Dg6y,584,8,0,0,1,EMEA,1,0,0,1,4,1,186
a0C00000002WT5S,585,2.85,0,0,1,EMEA,0,1,0,1,5,1,53
a0C00000003NEca,586,1.06,0,0,0,NA,0,1,0,1,0,1,4
a0C00000001n4Q7,587,3.78,0,0,1,APAC,1,0,0,2,10,1,86
a0C00000003NM6b,588,1.02,0,0,0,EMEA,0,1,0,1,8,1,10
a0C00000002LmPP,589,3.01,0,0,1,NA,0,1,0,1,2,0,39
a0C0000000333yK,590,1.57,1,1,0,NA,0,1,0,1,6,1,52
a0C00000002e9ex,591,2.66,1,0,1,APAC,1,0,0,2,7,0,2
a0C00000003Mwtg,592,1.32,1,0,1,APAC,0,1,0,1,4,1,37
a0C00000002nHXk,593,2.32,0,0,1,APAC,0,1,0,1,0,1,49
a0C00000003Mq5m,594,1.42,1,0,0,LATAM,0,1,0,1,5,1,30
a0C00000002FGgw,595,3.16,0,0,1,APAC,0,1,0,1,6,0,112
a0C00000003NnYS,596,0.32,0,0,0,EMEA,1,0,0,1,0,1,7
a0C00000003NmGi,597,0.37,0,0,0,NA,0,1,0,1,4,1,5
a0C00000003Mr3p,598,1.38,0,0,0,NA,0,1,0,1,1,1,9
a0C00000002HTOB,599,3.1,0,0,1,NA,0,1,0,2,8,1,144
a0C00000003M2Xu,600,1.49,1,0,0,NA,0,0,1,6,5,1,26
a0C00000002Trmk,601,2.92,0,0,1,EMEA,0,1,0,1,0,1,33
a0C00000003NM6W,602,1.02,0,0,0,EMEA,0,1,0,1,0,1,10
a0C00000003MpeO,603,1.43,0,0,0,NA,0,1,0,1,0,1,43
a0C00000002mqBX,604,2.37,0,0,1,NA,1,0,0,1,1,0,16
a0C00000000Ex5Q,605,6.18,0,0,1,NA,0,1,0,1,0,0,6
a0C00000002FAVc,606,3.16,0,0,1,EMEA,0,1,0,1,4,1,28
a0C00000003MuzP,607,1.34,0,0,0,NA,0,0,1,1,0,1,36
a0C00000002e353,608,2.66,0,0,1,EMEA,1,0,0,1,0,0,8
a0C00000003NY11,609,0.88,0,0,0,NA,0,1,0,1,0,1,1
a0C0000000331AU,610,1.57,0,0,0,NA,0,0,1,1,2,1,29
a0C00000003NZjb,611,0.82,1,1,1,NA,0,1,0,1,4,1,3
a0C00000003Mbmo,612,1.46,0,0,0,APAC,0,1,0,1,4,1,11
a0C00000003NFZq,613,1.06,0,0,0,EMEA,0,0,1,1,0,0,1
a0C00000003MqTV,614,1.4,0,0,0,NA,0,0,1,7,10,0,5
a0C000000033EIp,615,1.55,0,0,0,NA,0,0,1,1,6,1,7
a0C00000003MqTa,616,1.4,0,0,0,NA,0,0,1,7,0,0,1
a0C00000003MYj6,617,1.46,0,0,0,EMEA,0,0,1,1,2,0,4
a0C00000003NEcf,618,1.06,0,1,0,NA,0,1,0,1,4,1,1
a0C00000003NVl4,619,0.95,0,0,0,EMEA,0,0,0,5,7,0,3
a0C00000003NnVo,620,0.33,0,0,0,NA,0,1,0,1,4,1,3
a0C00000003NnYr,621,0.32,0,0,0,APAC,0,1,0,34,5,1,0
a0C00000003NoQv,622,0.29,0,0,0,NA,0,1,0,1,0,1,0
a0C61000003876q,623,0.19,0,0,0,NA,0,1,0,1,4,1,0
a0C00000003MqwR,624,1.38,0,0,0,NA,0,1,0,1,0,0,0
a0C610000037k5u,625,0.21,0,0,0,NA,0,0,0,1,0,1,0
a0C00000002yaqO,626,1.59,0,0,0,NA,0,0,1,1,0,0,0
a0C00000003NnhY,627,0.32,0,0,0,NA,1,0,0,1,4,1,0
a0C00000003Nnvr,628,0.31,0,0,0,NA,0,1,0,1,4,1,0
a0C00000003NKdA,629,1.03,0,0,0,NA,0,1,0,1,0,1,0
a0C00000003No8F,630,0.31,0,0,0,NA,0,0,0,1,0,0,0
a0C00000002yaGR,631,1.59,0,0,0,NA,0,0,1,1,0,0,0
a0C00000003NWpb,632,0.9,0,0,0,EMEA,0,0,0,1,0,0,0
a0C00000003NnS2,633,0.33,0,0,0,NA,0,1,0,1,6,1,0
a0C00000003NZDG,634,0.85,0,0,0,APAC,0,0,0,1,0,1,0
a0C00000003Msyp,635,1.36,0,0,0,NA,0,0,1,1,0,0,0
a0C00000003NWJR,636,0.92,0,0,0,EMEA,0,0,0,1,0,0,0
a0C00000003NZKy,637,0.84,0,0,0,NA,0,1,0,1,0,1,0
a0C00000003NoET,638,0.31,0,1,0,APAC,0,1,0,1,0,1,0
a0C00000003No0W,639,0.31,0,0,0,APAC,0,1,0,1,4,1,0
a0C00000001MFc5,640,4.22,0,0,0,EMEA,0,1,0,4,7,0,92
a0C00000000UntG,641,5.27,0,0,0,NA,0,1,0,1,3,1,22
a0C00000002neFG,642,2.27,1,0,0,NA,0,1,0,2,4,1,185
a0C00000003MzoK,643,1.26,0,0,0,NA,0,1,0,1,5,1,18
a0C00000002wadJ,644,1.74,0,0,0,EMEA,1,0,0,1,0,1,116
a0C00000002vo12,645,1.82,1,0,0,NA,1,0,0,1,6,1,151
a0C00000003N6Hc,646,1.13,1,1,0,EMEA,0,1,0,1,3,1,15
a0C00000001Mr0D,647,4.2,0,0,0,EMEA,0,1,0,1,5,1,164
a0C00000000Dh5N,648,7.9,1,0,0,NA,0,1,0,1,3,1,198
a0C00000002vnkV,649,1.82,1,0,0,APAC,0,0,1,1,3,1,26
a0C00000002o5xu,650,2.2,0,0,0,NA,0,1,0,1,0,0,71
a0C00000001MfQm,651,4.2,1,0,0,NA,0,1,0,1,2,1,44
a0C00000000EV90,652,6.35,1,0,0,NA,0,1,0,1,5,1,241
a0C00000000DgNG,653,7.98,0,0,0,NA,0,1,0,2,0,0,165
a0C00000003NEZ9,654,1.07,1,1,0,NA,0,1,0,1,7,1,44
a0C00000002b4N1,655,2.74,0,0,0,NA,0,1,0,1,0,0,35
a0C00000002b4N1,656,2.74,0,0,0,NA,0,1,0,1,0,1,35
a0C00000003NEcV,657,1.06,1,1,0,NA,0,1,0,1,7,1,17
a0C00000002nfUY,658,2.27,0,0,0,NA,0,1,0,1,0,1,50
a0C00000003Myeg,659,1.29,0,0,0,NA,0,1,0,1,0,1,16
a0C00000003NEQY,660,1.07,0,0,0,APAC,1,0,0,1,4,1,26
a0C00000000Ebb7,661,6.29,1,0,0,NA,1,0,0,1,4,1,249
a0C00000003NESY,662,1.07,0,0,0,NA,0,1,0,1,5,1,47
a0C00000003Nd8Q,663,0.67,0,1,0,EMEA,0,1,0,1,9,1,6
a0C00000000Dh4j,664,7.9,0,0,0,NA,0,1,0,1,2,1,72
a0C00000003N6Hh,665,1.13,0,0,0,EMEA,0,1,0,1,0,1,3
a0C00000000Dfez,666,8.03,0,0,0,NA,0,0,0,2,2,0,154
a0C00000000Dddj,667,8.22,0,0,0,NA,0,1,0,1,0,1,85
a0C00000001NAYi,668,4.19,1,0,0,NA,0,1,0,1,5,1,110
a0C00000003NBsw,669,1.08,0,0,0,NA,0,0,1,1,0,1,34
a0C00000003NEZJ,670,1.07,1,1,0,NA,0,1,0,1,7,1,9
a0C00000000ECDC,671,6.7,1,0,0,NA,0,1,0,2,4,0,228
a0C00000002novP,672,2.25,1,0,0,NA,0,1,0,1,4,1,39
a0C00000002novZ,673,2.25,0,0,0,NA,0,1,0,1,0,1,89
a0C00000000EgyI,674,6.25,1,0,0,NA,0,1,0,1,4,0,27
a0C00000000EgyH,675,6.25,1,0,0,NA,0,1,0,1,3,0,69
a0C00000000Dgc1,676,7.95,0,0,0,NA,0,0,0,1,0,0,18
a0C00000000Uj7D,677,5.29,1,0,0,NA,0,1,0,1,5,1,34
a0C00000002YPNl,678,2.8,0,0,0,NA,1,0,0,1,0,0,30
a0C00000002YPNl,679,2.8,0,0,0,NA,1,0,0,1,0,0,30
a0C00000002dhmF,680,2.67,0,0,0,NA,0,1,0,1,5,1,11
a0C00000000Dfeb,681,8.03,0,0,0,NA,0,0,0,1,0,0,3
a0C00000000DfRb,682,8.05,1,0,0,NA,0,0,0,1,3,0,5
a0C00000000UsW7,683,5.24,0,0,0,NA,0,1,0,1,3,0,3
a0C00000001Mg4J,684,4.2,1,0,0,EMEA,0,0,0,1,5,0,40
a0C00000000Uy1w,685,5.22,0,0,0,NA,0,0,0,1,3,0,80
a0C00000000EBQf,686,6.72,0,0,0,NA,0,0,0,1,0,0,5
a0C00000000Dfel,687,8.03,1,0,0,NA,0,0,0,1,3,0,2
a0C00000001LOU7,688,4.24,0,0,0,NA,0,1,0,1,3,0,20
a0C00000000DhCT,689,7.9,1,0,0,NA,0,0,0,1,1,0,1
a0C00000001IJwy,690,4.34,0,0,0,NA,0,0,0,1,5,0,12
a0C00000003NDq6,691,1.07,0,0,0,EMEA,0,1,0,1,0,1,7
a0C00000003NfoS,692,0.57,0,1,0,NA,0,1,0,1,5,1,5
a0C00000003NgO4,693,0.55,0,0,0,NA,0,1,0,1,0,1,1
a0C00000003NfIn,694,0.58,0,0,0,NA,0,0,0,1,0,0,2
a0C00000003NCx1,695,1.07,0,0,0,EMEA,0,1,0,1,0,1,20
a0C00000003NCEm,696,1.08,0,0,0,EMEA,0,0,1,1,0,1,1
a0C00000003N2vV,697,1.21,0,0,0,APAC,1,0,0,1,0,0,3
a0C00000002oCqA,698,2.19,1,0,0,EMEA,0,1,0,1,1,1,3
a0C00000003NeVu,699,0.62,0,0,0,APAC,0,1,0,1,0,1,1
a0C00000003NfJC,700,0.58,0,0,0,NA,0,1,0,1,0,1,2
a0C00000000Dfea,701,8.03,1,0,0,NA,0,0,0,1,1,0,0
a0C00000000DgV0,702,7.96,1,0,0,NA,0,0,0,1,1,0,0
a0C00000002wb7m,703,1.74,0,0,0,APAC,0,0,1,1,0,0,0
a0C00000003NeRi,704,0.62,0,0,0,APAC,0,1,0,1,0,1,0
a0C00000003N56n,705,1.13,0,0,0,EMEA,0,0,1,1,0,0,0
a0C00000003NEZE,706,1.07,0,0,0,NA,0,1,0,1,0,1,0
a0C00000003N7FR,707,1.13,0,0,0,APAC,0,0,1,1,0,0,0
a0C00000003NfMB,708,0.58,0,0,0,NA,0,0,0,1,0,1,0
a0C00000003Nfgo,709,0.57,0,0,0,EMEA,0,1,0,1,6,1,0
a0C00000003Nfiz,710,0.57,0,1,0,NA,1,0,0,1,6,1,0
a0C00000003Nchf,711,0.69,0,0,0,APAC,0,1,0,1,0,1,21
a0C00000003NZjl,712,0.82,1,1,0,NA,0,1,0,1,6,1,32
a0C00000000EO5W,713,6.42,0,0,0,NA,0,1,0,1,3,0,241
a0C00000002p37A,714,2.07,1,0,0,NA,0,1,0,1,4,1,211
a0C00000000DgDp,715,8,1,0,0,NA,0,1,0,3,3,1,174
a0C00000003Na4W,716,0.81,0,0,0,NA,0,1,0,1,0,1,24
a0C000000025REZ,717,3.41,1,0,0,NA,0,1,0,1,4,1,26
a0C00000001B3as,718,4.44,1,0,0,NA,0,1,0,1,7,1,296
a0C00000000DgKM,719,7.98,1,0,0,NA,0,0,0,1,3,0,26
a0C00000000DgD6,720,8,0,0,0,NA,0,1,0,5,4,1,321
a0C00000000DgCr,721,8,0,0,0,NA,0,0,0,1,0,0,69
a0C00000003Mxef,722,1.32,0,0,0,NA,0,0,1,1,4,1,61
a0C00000003NcGN,723,0.71,0,0,0,LATAM,0,1,0,1,0,1,21
a0C00000001CBKU,724,4.41,1,0,0,NA,0,1,0,1,8,1,350
a0C00000002uyCo,725,1.92,0,0,0,NA,0,1,0,1,0,1,14
a0C00000002girT,726,2.59,0,0,0,EMEA,0,1,0,1,0,1,34
a0C000000025Df4,727,3.42,1,0,0,NA,0,1,0,1,7,1,147
a0C00000000DgD1,728,8,0,0,0,NA,0,1,0,1,3,0,266
a0C00000000EPa5,729,6.41,1,0,0,NA,0,1,0,1,3,1,94
a0C00000000EDZ8,730,6.66,1,0,0,NA,0,1,0,1,4,1,54
a0C00000001CBJQ,731,4.41,1,0,0,NA,1,0,0,1,6,0,77
a0C00000000DgDQ,732,8,0,0,0,NA,0,1,0,1,1,0,163
a0C00000000DgDa,733,8,0,0,0,NA,0,0,0,1,1,0,30
a0C00000000EOam,734,6.41,1,0,0,NA,0,0,0,1,3,0,19
a0C00000000EPaK,735,6.41,0,0,0,NA,0,1,0,1,1,0,17
a0C00000000EOYW,736,6.42,1,0,0,NA,0,0,0,1,8,0,132
a0C00000000EPst,737,6.4,1,0,0,NA,0,1,0,2,2,1,29
a0C00000000DgGP,738,7.99,1,0,0,NA,0,0,0,1,1,0,2
a0C00000002vMl4,739,1.87,0,0,0,APAC,0,0,1,1,0,0,17
a0C00000002oYOH,740,2.12,0,0,0,NA,0,1,0,1,0,1,86
a0C00000002uyCj,741,1.92,1,0,0,NA,0,0,1,1,8,0,16
a0C00000002h2ju,742,2.58,0,0,0,LATAM,0,1,0,1,0,0,4
a0C00000002h2ju,743,2.58,0,0,0,LATAM,0,1,0,1,0,1,4
a0C00000000ENJX,744,6.44,0,0,0,EMEA,0,1,0,1,1,0,20
a0C000000022b8h,745,3.49,0,0,0,NA,0,1,0,1,8,0,10
a0C00000001BWUi,746,4.43,1,0,0,NA,0,1,0,1,6,0,86
a0C00000000EPIh,747,6.41,1,0,0,NA,0,0,0,1,4,0,5
a0C00000001BqSA,748,4.42,0,0,0,LATAM,1,0,0,1,5,0,61
a0C00000000EO5b,749,6.42,0,0,0,NA,0,0,0,1,1,0,9
a0C000000025SHM,750,3.41,0,0,0,NA,0,1,0,1,4,0,17
a0C00000000EDzD,751,6.64,0,0,0,NA,0,0,0,1,1,0,3
a0C00000000DgDf,752,8,1,0,0,NA,0,0,0,1,1,0,5
a0C00000000DgDk,753,8,1,0,0,NA,0,0,0,1,1,0,3
a0C000000021qS3,754,3.51,1,0,0,NA,0,1,0,1,3,0,16
a0C00000002f9LI,755,2.63,0,0,0,NA,0,1,0,1,0,0,4
a0C00000001CtWv,756,4.38,1,0,0,NA,0,1,0,1,3,0,79
a0C00000000hVr2,757,4.96,0,0,0,LATAM,0,0,0,2,3,0,11
a0C00000000hVqs,758,4.96,0,0,0,LATAM,0,0,0,2,3,0,28
a0C00000000hVrg,759,4.96,0,0,0,LATAM,0,0,0,2,3,0,30
a0C00000000DgDB,760,8,0,0,0,NA,0,1,0,1,0,0,8
a0C00000000hVr7,761,4.96,0,0,0,LATAM,0,0,0,1,3,0,19
a0C00000000hVrb,762,4.96,0,0,0,LATAM,0,0,0,2,3,0,26
a0C00000000DgGQ,763,7.99,1,0,0,NA,0,0,0,1,1,0,3
a0C00000000hVqx,764,4.96,0,0,0,LATAM,0,0,0,1,3,0,13
a0C00000000hVrq,765,4.96,0,0,0,LATAM,0,0,0,2,3,0,17
a0C00000000hVrl,766,4.96,0,0,0,LATAM,0,0,0,2,3,0,10
a0C00000001BugX,767,4.41,0,0,0,NA,0,1,0,1,2,0,18
a0C000000020wbp,768,3.53,1,0,0,NA,0,1,0,1,3,0,30
a0C00000003NZlH,769,0.82,1,1,0,NA,0,1,0,1,4,1,11
a0C00000003Nlok,770,0.38,0,0,0,NA,0,1,0,1,0,1,1
a0C00000003Nd0L,771,0.68,1,0,0,NA,0,1,0,1,4,1,4
a0C00000002v2Mq,772,1.9,0,0,0,APAC,0,1,0,1,2,1,53
a0C00000003Mxea,773,1.32,1,0,0,NA,0,1,0,1,5,1,22
a0C00000002v2NF,774,1.9,0,0,0,NA,0,1,0,1,3,0,11
a0C00000002vZFw,775,1.84,0,0,0,NA,0,1,0,1,0,1,0
a0C00000002v2NA,776,1.9,0,0,0,NA,0,1,0,1,7,0,0
a0C00000002oXU8,777,2.12,0,0,0,NA,0,1,0,1,0,0,0
a0C00000003MyKH,778,1.3,0,0,0,NA,0,1,0,1,0,1,0
a0C00000003NZlM,779,0.82,0,0,0,NA,0,1,0,1,0,1,0
a0C00000003NaAD,780,0.8,0,0,0,EMEA,0,0,1,1,0,1,0
a0C00000003Nm5q,781,0.37,0,0,0,EMEA,0,0,0,1,0,0,0
a0C00000001NVCH,782,4.18,1,0,0,NA,0,1,0,6,7,1,321
a0C00000001vdTJ,783,3.66,1,0,0,NA,0,1,0,1,4,1,79
a0C00000000VBnH,784,5.15,0,0,0,EMEA,1,0,0,1,9,1,73
a0C00000000DgCh,785,8,1,0,0,NA,0,1,0,2,2,1,30
a0C00000000ECg0,786,6.69,1,0,0,NA,0,1,0,1,5,1,253
a0C00000001vr3T,787,3.66,1,0,0,NA,0,1,0,1,5,1,83
a0C00000003NZjM,788,0.82,1,1,0,NA,0,1,0,1,7,1,58
a0C00000003NkqS,789,0.41,0,0,0,APAC,0,1,0,1,0,1,3
a0C00000000UAc3,790,5.39,0,0,0,NA,1,0,0,1,3,1,281
a0C00000002e9HU,791,2.66,0,0,0,APAC,0,1,0,1,0,0,32
a0C00000002e9HU,792,2.66,0,0,0,APAC,0,1,0,1,0,1,32
a0C00000000E5Pe,793,6.92,0,0,0,NA,0,1,0,1,3,1,89
a0C000000011nF4,794,4.6,1,0,0,NA,0,1,0,1,4,1,122
a0C00000002mYGM,795,2.4,1,0,0,NA,0,1,0,5,5,1,53
a0C00000000FV55,796,6.02,1,0,0,NA,0,1,0,1,7,1,79
a0C00000002oMiv,797,2.15,0,0,0,NA,1,0,0,2,5,1,82
a0C00000002oMiq,798,2.15,0,0,0,NA,1,0,0,1,5,1,64
a0C00000000Dfyg,799,8.01,1,0,0,EMEA,0,0,0,1,1,0,4
a0C00000000Dfyg,800,8.01,1,0,0,EMEA,0,0,0,1,1,1,4
a0C00000002IBp3,801,3.09,0,0,0,NA,0,1,0,1,1,1,216
a0C00000000DgCm,802,8,0,0,0,NA,0,0,0,1,2,0,10
a0C00000000DfzO,803,8.01,0,0,0,NA,0,0,0,1,0,0,5
a0C00000000Dfz9,804,8.01,1,0,0,NA,0,0,0,1,1,0,23
a0C00000000Dfzd,805,8.01,0,0,0,NA,0,0,0,1,2,0,4
a0C00000000U9br,806,5.4,1,0,0,EMEA,1,0,0,3,4,0,193
a0C00000000VAeD,807,5.16,1,0,0,NA,0,1,0,1,2,0,108
a0C00000002oMj0,808,2.15,0,0,0,NA,1,0,0,1,0,1,3
a0C00000000Dn9R,809,7.29,1,0,0,NA,0,0,0,1,2,0,42
a0C00000001wFJ7,810,3.65,0,0,0,NA,0,1,0,1,4,0,119
a0C00000002e33z,811,2.66,0,0,0,NA,0,1,0,1,2,1,14
a0C00000000E59h,812,6.93,1,0,0,NA,0,1,0,1,1,1,59
a0C00000002n5Fe,813,2.34,0,0,0,APAC,0,1,0,1,4,1,62
a0C00000002oMhd,814,2.15,0,0,0,EMEA,0,1,0,1,4,1,18
a0C00000000Dfxr,815,8.01,0,0,0,NA,0,0,0,1,0,0,1
a0C00000001NVCC,816,4.18,1,0,0,NA,0,1,0,1,2,1,40
a0C00000002oVNh,817,2.13,1,0,0,NA,0,1,0,1,2,0,12
a0C00000002xPiU,818,1.68,0,0,0,NA,0,1,0,1,0,1,12
a0C00000001vqkw,819,3.66,1,0,0,EMEA,0,1,0,1,3,0,10
a0C00000001nUYp,820,3.77,1,0,0,NA,0,1,0,1,7,0,105
a0C00000000h7jk,821,4.98,0,0,0,NA,1,0,0,1,3,0,152
a0C00000001oWiF,822,3.74,1,0,0,NA,0,1,0,1,3,0,8
a0C00000000WKsq,823,5.07,1,0,0,APAC,0,1,0,1,5,0,152
a0C00000002HfDB,824,3.1,0,0,0,NA,0,1,0,1,5,0,3
a0C00000002MsAv,825,2.98,0,0,0,EMEA,1,0,0,1,0,0,41
a0C00000003Ni15,826,0.48,1,1,0,NA,0,1,0,1,4,1,3
a0C00000000Dg3a,827,8,1,0,0,NA,0,0,0,1,1,0,18
a0C00000002TBsG,828,2.93,0,0,0,NA,0,1,0,1,0,0,10
a0C00000002e9dp,829,2.66,0,0,0,NA,0,1,0,1,1,0,7
a0C00000000DnHz,830,7.28,0,0,0,NA,0,0,0,1,2,0,4
a0C00000002oKTC,831,2.15,0,0,0,EMEA,0,1,0,1,0,1,37
a0C00000002oKTC,832,2.15,0,0,0,EMEA,0,1,0,1,0,1,37
a0C00000002mqBN,833,2.37,0,0,0,NA,0,1,0,1,0,0,2
a0C00000000VBWe,834,5.15,0,0,0,NA,0,0,0,1,3,0,25
a0C00000003NZj7,835,0.82,0,0,0,NA,0,1,0,1,0,1,2
a0C00000000hVqn,836,4.96,0,0,0,LATAM,0,0,0,2,3,0,8
a0C00000002n3J3,837,2.34,0,0,0,NA,0,1,0,1,0,1,4
a0C00000002n3JD,838,2.34,1,0,0,NA,0,1,0,1,0,1,37
a0C00000002oNyI,839,2.14,0,0,0,NA,0,1,0,1,0,1,2
a0C00000003NZjW,840,0.82,0,1,0,APAC,0,1,0,1,2,1,3
a0C00000003NZcI,841,0.83,0,0,0,EMEA,0,0,0,1,7,0,1
a0C00000003NktG,842,0.4,0,0,0,NA,0,1,0,1,4,1,4
a0C00000003Nhhi,843,0.49,0,0,0,NA,1,0,0,1,0,0,1
a0C00000000DfzJ,844,8.01,0,0,0,NA,0,0,0,1,0,0,0
a0C00000000DfzY,845,8.01,0,0,0,NA,0,0,0,1,0,0,0
a0C00000003NiL8,846,0.48,0,0,0,NA,1,0,0,1,6,1,0
a0C00000002TBsL,847,2.93,0,0,0,NA,0,0,0,1,0,0,0
a0C00000002TBsL,848,2.93,0,0,0,NA,0,0,0,1,0,0,0
a0C00000003N7dv,849,1.13,0,0,0,NA,1,0,0,1,0,0,0
a0C00000003NksE,850,0.41,0,0,0,LATAM,0,1,0,1,0,1,0
a0C00000003Nk6R,851,0.42,0,0,0,EMEA,0,0,0,1,0,0,0
a0C00000003NiwI,852,0.46,0,0,0,EMEA,0,0,0,1,0,0,0
a0C00000002FATW,853,3.16,0,0,0,NA,0,1,0,1,0,0,214
a0C00000002FATW,854,3.16,0,0,0,NA,0,1,0,1,0,1,214
a0C00000000vvGC,855,4.64,0,0,0,EMEA,0,1,0,1,5,0,39
a0C00000000TkvU,856,5.51,0,0,0,NA,1,0,0,1,3,0,60
a0C00000002FjRj,857,3.15,0,0,0,NA,0,1,0,1,3,1,63
a0C00000000U1zO,858,5.43,1,0,0,NA,1,0,0,1,5,1,335
a0C00000000TxlE,859,5.45,0,0,0,NA,0,1,0,1,4,1,189
a0C00000002CHeJ,860,3.24,1,0,0,NA,0,1,0,1,6,0,72
a0C00000002FjRe,861,3.15,0,0,0,NA,0,1,0,1,1,1,240
a0C00000001B3Zw,862,4.44,1,0,0,NA,0,1,0,1,7,0,211
a0C00000002hbqS,863,2.51,1,0,0,NA,0,1,0,1,9,1,61
a0C00000002U82q,864,2.91,1,0,0,NA,0,1,0,1,4,1,81
a0C00000000Dg6P,865,8,1,0,0,NA,0,1,0,1,4,1,78
a0C00000002FXS3,866,3.15,1,0,0,NA,1,0,0,1,9,1,158
a0C00000002D1Fx,867,3.22,0,0,0,EMEA,0,1,0,1,4,0,24
a0C00000001dwIt,868,3.92,1,0,0,NA,0,1,0,1,4,0,213
a0C00000002mG0i,869,2.44,1,0,0,EMEA,0,1,0,5,5,0,46
a0C00000000Dg6t,870,8,0,0,0,NA,0,1,0,2,1,1,307
a0C00000000Dg6o,871,8,0,0,0,NA,0,1,0,1,2,1,133
a0C00000002HEln,872,3.11,1,0,0,EMEA,0,1,0,4,3,0,59
a0C00000002mYGC,873,2.4,0,0,0,NA,0,1,0,5,5,1,41
a0C00000002W7vh,874,2.86,0,0,0,NA,0,1,0,2,6,1,105
a0C00000000DikG,875,7.71,0,0,0,NA,0,0,0,1,1,0,16
a0C00000001B3Bb,876,4.44,0,0,0,NA,0,1,0,1,7,1,257
a0C00000002m7zF,877,2.46,0,0,0,NA,0,1,0,1,0,1,33
a0C00000000DkvS,878,7.45,1,0,0,NA,0,1,0,2,4,1,75
a0C00000001UZm4,879,4.08,1,0,0,NA,0,1,0,1,8,0,243
a0C00000001lYAL,880,3.83,1,0,0,NA,0,1,0,1,9,0,134
a0C00000002HMrI,881,3.1,1,0,0,NA,0,1,0,1,6,1,17
a0C00000000TyCn,882,5.45,0,0,0,NA,1,0,0,1,2,0,62
a0C00000000DmZx,883,7.37,1,0,0,NA,0,0,0,1,2,0,70
a0C00000000Dkl3,884,7.47,1,0,0,NA,0,0,0,1,6,0,135
a0C00000000DjIw,885,7.65,0,0,0,NA,0,0,0,1,1,0,31
a0C00000000Dhqi,886,7.82,0,0,0,NA,0,0,0,1,0,0,12
a0C00000000ExzF,887,6.18,1,0,0,NA,0,0,0,1,5,0,62
a0C00000000Dg7D,888,8,0,0,0,NA,0,1,0,1,0,1,53
a0C00000000Ey4Q,889,6.17,1,0,0,NA,0,1,0,1,4,1,65
a0C00000000DmGb,890,7.41,1,0,0,NA,0,0,0,1,3,0,29
a0C00000000E42L,891,6.96,1,0,0,NA,0,1,0,1,3,0,101
a0C00000000DmaR,892,7.37,0,0,0,NA,0,0,0,1,2,0,56
a0C00000000vvGH,893,4.64,0,0,0,EMEA,0,1,0,1,5,0,60
a0C00000000Dg7S,894,8,0,0,0,NA,0,0,0,1,0,0,9
a0C00000000E00o,895,7.07,1,0,0,EMEA,0,0,0,5,4,0,5
a0C00000000DilT,896,7.7,0,0,0,NA,0,0,0,1,0,0,21
a0C00000000E4dJ,897,6.95,0,0,0,NA,0,1,0,1,0,1,6
a0C00000000E3u7,898,6.97,1,0,0,NA,0,0,0,1,3,0,9
a0C00000001eJox,899,3.91,1,0,0,APAC,1,0,0,6,3,1,76
a0C00000000vPMD,900,4.66,0,0,0,NA,0,1,0,1,5,0,65
a0C00000000ThEV,901,5.53,0,0,0,NA,0,0,0,1,3,0,90
a0C00000000E3bV,902,6.98,1,0,0,NA,0,0,0,1,2,0,20
a0C00000001esoj,903,3.89,1,0,0,EMEA,0,1,0,2,5,0,45
a0C00000000Dg7X,904,8,0,0,0,NA,0,0,0,1,0,0,5
a0C00000000DmwX,905,7.32,0,0,0,EMEA,0,0,0,1,1,0,2
a0C00000000Tkvy,906,5.51,0,0,0,NA,1,0,0,1,2,1,46
a0C00000000Tks6,907,5.51,0,0,0,NA,0,0,0,1,3,0,7
a0C00000001esoo,908,3.89,1,0,0,EMEA,0,1,0,1,5,0,50
a0C00000000Di7U,909,7.77,1,0,0,NA,0,0,0,1,2,0,11
a0C00000000DiUE,910,7.72,1,0,0,EMEA,0,0,0,1,3,0,1
a0C00000000vvGM,911,4.64,1,0,0,EMEA,0,1,0,1,5,0,21
a0C00000001vVIh,912,3.67,1,0,0,NA,0,0,0,1,6,0,23
a0C00000002hWdb,913,2.52,0,0,0,NA,0,1,0,1,0,0,3
a0C00000002hWdb,914,2.52,0,0,0,NA,0,1,0,1,0,0,3
a0C00000002FAVX,915,3.16,0,0,0,NA,0,1,0,1,1,0,9
a0C00000002FAVX,916,3.16,0,0,0,NA,0,1,0,1,1,0,9
a0C00000002UuaU,917,2.89,0,0,0,NA,0,1,0,1,0,0,2
a0C00000002UuaU,918,2.89,0,0,0,NA,0,1,0,1,0,0,2
a0C00000002WERP,919,2.86,0,0,0,NA,0,1,0,1,6,1,3
a0C00000002mYGH,920,2.4,0,0,0,NA,0,1,0,1,0,1,4
a0C00000000DmIm,921,7.4,0,0,0,NA,0,1,0,1,1,0,0
a0C00000000ExzA,922,6.18,0,0,0,NA,0,0,0,1,3,0,0
a0C00000002hbqm,923,2.51,0,0,0,NA,0,1,0,1,0,1,0
a0C00000000Fj1s,924,5.96,0,0,0,NA,1,0,0,1,5,1,136
a0C00000001dcYA,925,3.93,1,0,0,APAC,0,1,0,1,6,1,91
a0C00000000Dg5C,926,8,0,0,0,NA,0,1,0,4,8,1,73
a0C00000000Eohm,927,6.21,0,0,0,NA,0,1,0,2,4,1,134
a0C00000000GHlC,928,5.78,0,0,0,NA,0,1,0,1,3,1,117
a0C00000000E6oa,929,6.88,1,0,0,EMEA,0,1,0,1,1,0,77
a0C00000000E7wB,930,6.84,0,0,0,NA,0,1,0,1,1,1,109
a0C00000000Dnmt,931,7.25,1,0,0,NA,0,1,0,1,5,1,99
a0C00000000GMxj,932,5.75,0,0,0,NA,0,1,0,6,5,1,114
a0C00000000Djme,933,7.58,0,0,0,NA,0,1,0,1,4,1,137
a0C00000000uaoe,934,4.68,1,0,0,NA,0,1,0,1,6,1,124
a0C00000000Dg4x,935,8,0,0,0,NA,0,0,0,1,1,0,3
a0C00000000DhEt,936,7.89,1,0,0,NA,0,0,0,1,3,0,13
a0C00000000DgC8,937,8,0,0,0,NA,0,0,0,1,0,0,16
a0C00000000Dg4s,938,8,1,0,0,NA,0,0,0,1,1,0,5
a0C00000000Dzwh,939,7.08,0,0,0,NA,0,1,0,1,0,0,116
a0C00000000Gg19,940,5.65,0,0,0,NA,0,1,0,1,4,0,89
a0C00000000Dg4i,941,8,0,0,0,NA,0,0,0,1,0,0,7
a0C00000000DgCX,942,8,0,0,0,NA,0,0,0,1,2,0,2
a0C00000000Ga6U,943,5.68,0,0,0,EMEA,0,1,0,1,2,1,161
a0C00000000DzPQ,944,7.09,1,0,0,NA,0,1,0,1,2,1,36
a0C00000000Do3y,945,7.23,1,0,0,NA,0,0,0,1,2,0,1
a0C00000001XWQt,946,3.99,1,0,0,NA,0,1,0,1,4,0,85
a0C00000001Ai9U,947,4.45,1,0,0,NA,0,1,0,1,6,0,185
a0C00000000DgCc,948,8,0,0,0,NA,0,0,0,1,1,0,3
a0C00000000DhEy,949,7.89,0,0,0,NA,0,0,0,1,1,0,2
a0C00000000Do7U,950,7.23,1,0,0,NA,0,1,0,1,4,0,10
a0C00000000Dt37,951,7.18,0,0,0,NA,0,0,0,1,1,0,109
a0C00000000DnxD,952,7.24,0,0,0,NA,0,1,0,1,1,1,64
a0C00000000E9pj,953,6.77,0,0,0,NA,0,0,0,1,0,0,20
a0C000000012Lbd,954,4.58,1,0,0,NA,0,1,0,1,5,0,68
a0C00000001W2Ed,955,4.03,1,0,0,NA,0,1,0,1,9,1,94
a0C00000000Fl6C,956,5.95,0,0,0,NA,0,1,0,1,2,1,26
a0C00000000EAUt,957,6.75,1,0,0,NA,0,0,0,1,3,0,46
a0C00000000E88i,958,6.83,0,0,0,NA,0,0,0,1,2,0,10
a0C00000000Dg52,959,8,0,0,0,NA,0,0,0,1,1,0,30
a0C00000000DkRB,960,7.49,1,0,0,NA,0,0,0,1,4,0,66
a0C00000000DgBe,961,8,0,0,0,NA,0,0,0,1,1,0,11
a0C00000001Vhc7,962,4.04,1,0,0,NA,0,1,0,1,4,0,25
a0C00000000FqyJ,963,5.92,1,0,0,NA,0,1,0,1,3,0,36
a0C00000000DkQm,964,7.49,0,0,0,NA,0,0,0,1,2,0,28
a0C00000000EAgG,965,6.74,0,0,0,NA,0,1,0,1,0,0,65
a0C00000000EAgG,966,6.74,0,0,0,NA,0,1,0,1,0,1,65
a0C00000000Dg57,967,8,0,0,0,NA,0,1,0,1,5,0,8
a0C00000000FsSD,968,5.91,1,0,0,NA,0,0,0,1,3,0,27
a0C00000000FuGS,969,5.91,1,0,0,NA,0,1,0,1,6,0,107
a0C00000000uaXn,970,4.68,1,0,0,NA,0,1,0,1,3,0,43
a0C00000000FuHz,971,5.91,0,0,0,NA,1,0,0,1,2,0,54
a0C00000000UKiK,972,5.35,1,0,0,NA,0,1,0,1,5,1,140
a0C00000000Dg8p,973,8,0,0,0,NA,0,1,0,1,0,0,6
a0C00000000uU8J,974,4.68,1,0,0,NA,0,1,0,1,4,0,19
a0C00000000Fqy9,975,5.92,0,0,0,NA,0,0,0,1,2,0,8
a0C00000000GOpJ,976,5.74,0,0,0,LATAM,0,0,0,2,3,0,65
a0C00000000DxuV,977,7.14,0,0,0,NA,0,1,0,1,0,0,1
a0C00000000DgBZ,978,8,0,0,0,NA,0,0,0,1,1,0,11
a0C00000000Dg8f,979,8,0,0,0,NA,0,0,0,3,0,0,12
a0C00000000E8vz,980,6.81,0,0,0,NA,0,0,0,1,1,0,15
a0C00000000Gg1d,981,5.65,0,0,0,NA,0,1,0,1,3,1,82
a0C00000000FuHu,982,5.91,1,0,0,NA,0,0,0,1,3,0,64
a0C00000000Fwnu,983,5.89,0,0,0,NA,0,0,0,1,2,0,20
a0C00000000DkNT,984,7.5,0,0,0,NA,0,0,0,1,0,0,1
a0C00000000DkNU,985,7.5,0,0,0,NA,0,0,0,1,0,0,1
a0C00000000DgBt,986,8,0,0,0,NA,0,0,0,4,0,0,2
a0C00000000E8v6,987,6.81,0,0,0,NA,0,0,0,1,0,0,3
a0C00000001tgWy,988,3.72,0,0,0,NA,1,0,0,1,6,0,3
a0C000000019kg1,989,4.49,1,0,0,NA,0,1,0,1,3,1,24
a0C00000000Dg8a,990,8,0,0,0,NA,0,0,0,1,1,0,0
a0C00000000Dg8k,991,8,0,0,0,NA,0,0,0,1,0,0,0
a0C00000000DkLm,992,7.5,0,0,0,NA,0,0,0,1,0,0,0
a0C00000000E8vu,993,6.81,0,0,0,NA,0,0,0,1,1,0,0
a0C00000000FqyE,994,5.92,0,0,0,NA,0,0,0,1,0,0,0
a0C00000002ubJq,995,1.94,1,0,0,NA,0,1,0,1,4,1,124
a0C00000000Dg8B,996,8,0,0,0,NA,0,1,0,2,4,1,225
a0C00000000DjmX,997,7.58,0,0,0,NA,0,0,0,1,1,0,25
a0C00000000DnIE,998,7.28,0,0,0,NA,0,0,0,1,2,0,10
a0C00000000E5t3,999,6.91,0,0,0,NA,0,0,0,1,2,0,25
a0C00000000Dg7s,1000,8,1,0,0,NA,0,0,0,1,1,0,9
a0C00000000DnII,1001,7.28,0,0,0,NA,0,0,0,1,2,0,9
a0C00000000Djiz,1002,7.59,0,0,0,NA,0,0,0,1,0,0,32
a0C00000000Dg7c,1003,8,0,0,0,NA,0,0,0,1,2,0,15
a0C00000000DnIH,1004,7.28,0,0,0,NA,0,0,0,1,2,0,4
a0C00000000FWWk,1005,6.01,1,0,0,NA,0,1,0,1,5,1,31
a0C00000000DjLC,1006,7.64,0,0,0,NA,0,0,0,1,2,0,5
a0C00000000DnWp,1007,7.26,1,0,0,NA,0,0,0,1,3,0,32
a0C00000000DnIF,1008,7.28,0,0,0,NA,0,0,0,1,2,0,3
a0C00000000DjfC,1009,7.6,0,0,0,NA,0,0,0,1,0,0,1
a0C00000000DnIJ,1010,7.28,0,0,0,NA,0,0,0,1,2,0,1
a0C00000000DnIG,1011,7.28,0,0,0,NA,0,0,0,1,2,0,2
a0C00000000Dg7h,1012,8,0,0,0,NA,0,0,0,1,0,0,0
a0C00000000Djk2,1013,7.59,1,0,0,NA,0,0,0,1,2,0,0
a0C00000000Dg8L,1014,8,1,0,0,EMEA,0,0,0,1,1,0,0
a0C610000037S7p,1015,0.23,0,0,0,NA,0,0,0,1,0,0,0
a0C61000003AbGD,1016,0.09,1,0,0,APAC,0,1,0,1,3,1,0
a0C610000037G90,1017,0.24,0,0,0,EMEA,0,0,0,1,0,0,0
a0C610000039irh,1018,0.12,0,0,0,NA,0,0,0,1,0,1,0